;[1;
0;PGR denuncia Roberto Jefferson, Cristiane e mais 24 por fraudes;https://oglobo.globo.com/brasil/pgr-denuncia-jefferson-cristiane-brasil-paulinho-da-forca-outros-23-por-fraudes-no-ministerio-do-trabalho-23015073
1;Moro condena duas filhas de Paulo Roberto Costa a pena alternativa;https://g1.globo.com/politica/blog/matheus-leitao/post/2018/08/27/moro-suspende-acao-contra-paulo-roberto-costa-mas-condena-filhas-do-ex-diretor-a-servicos-comunitarios.ghtml
2;Sete estados t√™m chapa ao Senado com parentes;https://g1.globo.com/politica/eleicoes/2018/eleicao-em-numeros/noticia/2018/08/27/politicos-levam-irmaos-filho-mulher-e-ate-mae-como-suplentes-em-chapas-para-o-senado.ghtml
3;C√°rmen fecha pauta sem pris√£o em 2¬∫ grau;https://g1.globo.com/politica/blog/valdo-cruz/post/2018/08/27/carmen-lucia-manda-avisar-que-sua-pauta-esta-fechada-e-nao-inclui-prisao-apos-segunda-instancia.ghtml
4;Facebook retira 'santinhos' com n√∫meros falsos;https://epoca.globo.com/cristina-tardaguila/facebook-remove-santinhos-falsos-mas-whatsapp-nada-faz-fique-atento-23014519
5;Economista refor√ßa ideia de imposto √∫nico ;https://epocanegocios.globo.com/Economia/noticia/2018/08/quem-e-o-economista-que-faz-cabeca-de-candidatos-nas-eleicoes-com-ideia-de-um-imposto-unico.html
6;Luta pol√≠tica de Marielle motivou crime, diz pol√≠cia  (Reprodu√ß√£o/ TV Globo);https://g1.globo.com/rj/rio-de-janeiro/noticia/2018/08/27/atuacao-politica-de-marielle-ajudou-a-motivar-o-crime-diz-delegado.ghtml
7;RJ s√≥ esclarece 3 de 13 mortes de pol√≠ticos;https://oglobo.globo.com/brasil/de-13-mortes-de-politicos-no-rio-so-tres-foram-esclarecidas-pela-policia-23013310
8;EUA: bandeira √© erguida antes do adeus a McCain (Mandel Ngan/ AFP);https://g1.globo.com/mundo/noticia/2018/08/27/bandeira-americana-volta-a-ser-hasteada-na-casa-branca-menos-de-48-horas-apos-morte-de-john-mccain.ghtml
9;Vaticano muda declara√ß√£o do Papa sobre gays (Gregorio Borgia/AP);https://g1.globo.com/mundo/noticia/2018/08/27/vaticano-muda-declaracao-do-papa-sobre-ajuda-psiquiatrica-a-crianca-que-de-sinal-de-ser-gay.ghtml
10;Bote surpreende praia na Espanha com imigrantes (Reprodu√ß√£o);https://g1.globo.com/mundo/noticia/2018/08/27/chegada-de-bote-com-dezenas-de-imigrantes-surpreende-banhistas-em-praia-da-espanha-veja-video.ghtml
11;Manchester United encara o Tottenham pelo Ingl√™s;
12;Les√£o tira Everton do l√≠der S√£o Paulo por at√© 3 semanas (Marcos Ribolli);https://globoesporte.globo.com/futebol/times/sao-paulo/noticia/exame-detecta-estiramento-e-sao-paulo-perde-everton-por-ate-tres-semanas.ghtml
13;SIGA: julgamento de S√°nchez na Conmebol;https://globoesporte.globo.com/sp/santos-e-regiao/futebol/times/santos/ao-vivo/santos-sempre-santos.ghtml
14;S√°nchez relacionado;
15;Rival do Santos pede que torcida n√£o fa√ßa gesto racista;https://globoesporte.globo.com/sp/santos-e-regiao/futebol/times/santos/noticia/rival-do-santos-independiente-pede-a-torcedores-que-evitem-gestos-racistas-no-brasil.ghtml
16;Laureta recomenda fuga a Karola em 'Sol' (TV Globo);https://gshow.globo.com/novelas/segundo-sol/vem-por-ai/noticia/laureta-aconselha-karola-a-fugir-para-paris.ghtml
17;Beto descobre arma√ß√µes;https://kogut.oglobo.globo.com/noticias-da-tv/novelas/noticia/2018/08/segundo-sol-beto-descobrira-armacoes-de-karola.html
18;Karola e Laureta trocam tapas;https://extra.globo.com/tv-e-lazer/telinha/segundo-sol-karola-laureta-trocam-tapas-no-rosto-ameacas-rompem-amizade-23010118.html
19;'Orgulho': Oleg√°rio beija Charlotte de surpresa e ela gosta (TV Globo);https://gshow.globo.com/novelas/orgulho-e-paixao/vem-por-ai/noticia/olegario-beija-charlotte-de-surpresa-e-ela-gosta.ghtml
20;Darcy entre a vida e a morte;https://extra.globo.com/tv-e-lazer/telinha/orgulho-paixao-darcy-leva-um-tiro-fica-entre-vida-a-morte-23010152.html
21;'O Tempo': Marocas muda visual em sal√£o;https://gshow.globo.com/novelas/o-tempo-nao-para/vem-por-ai/noticia/marocas-muda-o-visual.ghtml
22;Betina ataca Marocas;https://kogut.oglobo.globo.com/noticias-da-tv/novelas/noticia/2018/08/o-tempo-nao-para-betina-surtara-e-atacara-marocas.html
23;Inc√™ndio durante festa do pijama deixa 8 mortos em Chicago, EUA (O Globo);https://oglobo.globo.com/mundo/incendio-deixa-oito-mortos-com-idades-entre-3-meses-16-anos-nos-eua-23013666
24;Documento digital de ve√≠culos √© lan√ßado e j√° come√ßa a valer no DF (Minist√©rio das Cidades/Divulga√ß√£o);https://g1.globo.com/carros/noticia/2018/08/27/documento-digital-de-veiculos-e-lancado-e-comeca-a-valer-primeiro-em-brasilia.ghtml
25;Irm√£o viu adolescente 'voar e cair de cara' em brinquedo de parque (Reprodu√ß√£o/Arquivo pessoal);https://g1.globo.com/go/goias/noticia/2018/08/27/irmao-diz-que-viu-adolescente-voando-e-caindo-de-cara-no-chao-apos-ser-arremessada-de-brinquedo-em-parque-de-diversoes-de-ceres.ghtml
26;Beto Barbosa relata tremores ap√≥s 1¬™ sess√£o de quimio contra c√¢ncer na bexiga  (Reprodu√ß√£o);https://extra.globo.com/famosos/beto-barbosa-fala-sobre-quimioterapia-tremor-nas-pernas-nos-bracos-23013910.html
27;Mulher de 36 anos leva susto ao descobrir rara gesta√ß√£o natural de 4 (G1/BA);https://g1.globo.com/ba/bahia/noticia/2018/08/27/baiana-descobre-gravidez-natural-de-quadrigemeos-bencao.ghtml
28;Primeiro computador da Apple pode custar at√© R$ 1,2 milh√£o;
29;Barroso suspende lei em Palmas que proibia ensino sobre g√™nero (Reprodu√ß√£o);https://g1.globo.com/to/tocantins/noticia/2018/08/27/ministro-do-stf-suspende-artigo-de-lei-que-proibe-ensino-sobre-genero-e-sexualidade-nas-escolas-de-palmas.ghtml
30;Morre no Rio, aos 87 anos, o arquiteto e urbanista Paulo Cas√© (Reprodu√ß√£o);https://blogs.oglobo.globo.com/ancelmo/post/morre-no-rio-o-arquiteto-paulo-case.html
31;Escocesa conta piadas durante cirurgia no c√©rebro por 9 horas (Reprodu√ß√£o);https://extra.globo.com/noticias/page-not-found/comediante-conta-piadas-durante-cirurgia-para-remover-tumor-cerebral-23013998.html
32;mais not√≠cias;https://g1.globo.com/
33;Convidado para 1¬∫ toque quebra protocolo, e torcida delira;
34;'De futuro Pel√© ao time B do Real': argentinos provocam Vin√≠cius Jr. (Reprodu√ß√£o/Real Madrid TV);https://extra.globo.com/esporte/jornal-argentino-provoca-vinicius-junior-de-futuro-pele-ao-time-do-real-madrid-23014190.html
35;Trauco, do Flamengo, autoriza negocia√ß√£o com o Fenerbah√ße (Divulga√ß√£o/Peru);https://extra.globo.com/esporte/flamengo/lateral-trauco-do-flamengo-autoriza-agentes-negociarem-com-fenerbahce-23015204.html
36;Ex-juiz deixa pol√™micas no pa√≠s e vira t√©cnico nos EUA: 'N√£o vou deixar de reclamar' (Arquivo Pessoal);https://globoesporte.globo.com/sp/tem-esporte/futebol/noticia/apos-renunciar-ao-quadro-da-cbf-arbitro-troca-de-lado-e-faz-estreia-como-tecnico.ghtml
37;Lisca detona √°rbitro e alfineta Nen√™: 'N√£o precisa virar a cara' (Marcos Ribolli);https://globoesporte.globo.com/ce/futebol/times/ceara/noticia/lisca-detona-arbitragem-e-alfineta-nene-nao-precisa-virar-a-cara.ghtml
38;Com 2 de Gabiru, time de masters do Atl√©tico-PR goleia em estreia (Divulga√ß√£o);https://globoesporte.globo.com/pr/futebol/times/atletico-pr/noticia/com-dois-de-gabiru-masters-do-atletico-pr-estreia-com-goleada-no-interior-do-parana.ghtml
39;Mesmo ap√≥s les√£o, Beckham Jr. vira o wide receiver mais bem pago da NFL: US$ 95 mi (Infogr√°fico);https://globoesporte.globo.com/futebol-americano/noticia/odell-beckham-jr-se-torna-o-wide-receiver-mais-bem-pago-da-nfl-us-95-milhoes.ghtml
40;Aos 41 anos, argentino Manu Gin√≥bili anuncia o fim da carreira (Getty Images);https://sportv.globo.com/site/nba/noticia/fim-da-linha-aos-41-anos-manu-ginobili-anuncia-sua-aposentadoria.ghtml
41;Ap√≥s acidente na F-1, Massa detona a Indy: 'N√£o tem feito muito...' (Reprodu√ß√£o);https://globoesporte.globo.com/motor/formula-1/noticia/felipe-massa-critica-seguranca-da-indy-e-exalta-trabalho-feito-pela-formula-1.ghtml
42;mais esportes;https://globoesporte.globo.com/
43;Maria Flor realiza com marido 'o sonho da foto sexy na banheira' (Reprodu√ß√£o/Instagram);https://revistamarieclaire.globo.com/Celebridades/noticia/2018/08/maria-flor-posa-nua-em-banheira.html
44;Camila Queiroz divulga foto com as madrinhas e se declara: 'Amo' (Instagram / Reprodu√ß√£o);https://revistaquem.globo.com/QUEM-News/noticia/2018/08/camila-queiroz-faz-homenagem-para-madrinhas-de-casamento.html
45;Mazzafera mostra 'pr√©' e fest√£o de Camila e Klebber em Jeri;
46;Ap√≥s cr√≠ticas por foto quente com Luana, Pedro Scooby volta a postar e rebate f√£ (Reprodu√ß√£o/Instagram);https://revistaglamour.globo.com/Celebridades/noticia/2018/08/apos-criticas-por-foto-quente-pedro-scooby-volta-posar-com-piovani.html
47;Ex-BBB Munik curte viagem com o marido: 'Camar√£o e a sereia' (Reprodu√ß√£o / Instagram);https://revistaglamour.globo.com/Celebridades/noticia/2018/08/munik-nunes-posa-linda-ao-lado-do-marido-em-cancun-o-camarao-e-sereia.html
48;Esteves lembra morte de irm√£, depress√£o e ass√©dio ao ser modelo (Nana Moraes);https://revistamarieclaire.globo.com/Mulheres-do-Mundo/noticia/2018/08/adriana-esteves-revela-assedio-quando-modelo-te-seguram-e-tocam-onde-nao-devem.html
49;Xuxa posta foto 'sem filtro' de lua de mel com Junno, e Ang√©lica comenta: 'Lindos';https://revistaquem.globo.com/QUEM-News/noticia/2018/08/angelica-comenta-em-foto-de-xuxa-com-junno-lindos.html
50;Com 47 kg, atriz revela ter dificuldade para engordar: 'Biotipo' (Thiago de Lucena/Divulga√ß√£o);https://gshow.globo.com/Famosos/noticia/carol-macedo-sobre-boa-forma-todo-dia-escuto-da-minha-mae-que-preciso-engordar.ghtml
51;Paula Fernandes diz que abriu o celular de ex e descobriu trai√ß√£o (Reprodu√ß√£o);https://revistaquem.globo.com/QUEM-News/noticia/2018/08/paula-fernandes-conta-que-descobriu-traicao-ao-mexer-no-celular-do-ex-namorado.html
52;mais variedades;https://gshow.globo.com/
53;Cl√°ssicos! Relembre jogos que marcaram os anos 90 (Reprodu√ß√£o);https://www.techtudo.com.br/noticias/2018/08/lista-traz-jogos-que-bombavam-no-dos-windows-311-95-e-xp.ghtml
54;Fim da chave? Fechadura te deixa abrir porta por celular (Divulga√ß√£o/Nice Brasil );https://www.techtudo.com.br/noticias/2018/08/conheca-a-ln-5000-fechadura-eletronica-inteligente-a-venda-no-brasil.ghtml
55;Nova GoPro est√° muito mais barata e faz fotos incr√≠veis (Luciana Maline/TechTudo);https://www.techtudo.com.br/review/gopro-hero-2018.html
56;Smart 'querido' da Motorola j√° est√° mais barato no Brasil  (Th√°ssius Veloso/TechTudo);https://www.techtudo.com.br/noticias/2018/08/ainda-vale-a-pena-comprar-o-moto-x4-conheca-preco-e-ficha-tecnica.ghtml
57;Empanado, tempura √© recheado com legumes (TV Globo);https://gshow.globo.com/receitas-gshow/receitas/tempura-de-legumes-e-de-camarao.ghtml
58;Bob√≥ de camar√£o √© feito com mandioca e leite de coco (Divulga√ß√£o);https://revistacasaejardim.globo.com/Casa-e-Comida/Receitas/noticia/2018/08/receita-de-bobo-de-camarao.html
59;Mousse assado e outras nove sobremesas quentes (Divulga√ß√£o);https://casavogue.globo.com/LazerCultura/Comida-bebida/Receita/noticia/2018/07/10-receitas-quentes-com-chocolate.html
60;Com dor, Beth Carvalho admite fazer show deitada  (B√°rbara Lopes);https://blogs.oglobo.globo.com/marina-caruso/post/beth-carvalho-sobre-dores-nas-costas-se-nao-aguentar-vou-cantar-na-cama.html
61;Junior Lima faz sucesso na web com canal sobre m√∫sica (Celso Tavares/G1);https://g1.globo.com/pop-arte/musica/noticia/2018/08/27/junior-lima-perde-rotulo-de-irmao-de-sandy-e-faz-sucesso-como-youtuber-em-canal-de-musica.ghtml
62;Novo √°lbum solo de Bertoni aposta nos estilos do folk (Pedro Pinho);https://revistaquem.globo.com/Musica/noticia/2018/08/gustavo-bertoni-do-scalene-lanca-segundo-disco-solo-existe-forca-dentro-da-vulnerabilidade.html
63;Chit√£ozinho & Xoror√≥ falam sobre f√© em nova m√∫sica (F√°bio Rocha/Globo);https://gshow.globo.com/programas/altas-horas/noticia/chitaozinho-and-xororo-falam-sobre-musica-que-traz-mensagem-de-fe-e-esperanca.ghtml
64;Anitta cita cuidado com o seu trabalho pelas crian√ßas  (Artur Meninea/Gshow);https://gshow.globo.com/programas/caldeirao-do-huck/noticia/anitta-conta-que-pretende-atrelar-seu-trabalho-com-questao-social-gosto-de-fazer-a-diferenca-na-vida-das-pessoas.ghtml
65;Fran√ßoise x Cortez;
66;Atrizes d√£o dicas de como ter mais atitude com o crush (Reprodu√ß√£o);https://gshow.globo.com/novelas/malhacao/playlist/resumomalhacao-veja-melhores-momentos.ghtml
